State,Account length,Area code,International plan,Voice mail plan,Number vmail messages,Total day minutes,Total day calls,Total day charge,Total eve minutes,Total eve calls,Total eve charge,Total night minutes,Total night calls,Total night charge,Total intl minutes,Total intl calls,Total intl charge,Customer service calls,Churn
WY,113,510,No,No,0,155.0,93,26.35,330.6,106,28.1,189.4,123,8.52,13.5,3,3.65,1,False
IL,67,415,No,No,0,109.1,117,18.55,217.4,124,18.48,188.4,141,8.48,12.8,6,3.46,0,False
SD,98,415,No,No,0,0.0,0,0.0,159.6,130,13.57,167.1,88,7.52,6.8,1,1.84,4,True
KY,147,408,No,No,0,212.8,79,36.18,204.1,91,17.35,156.2,113,7.03,10.2,2,2.75,1,False
WY,96,408,No,No,0,144.0,102,24.48,224.7,73,19.1,227.7,91,10.25,10.0,7,2.7,1,False
DC,119,408,No,Yes,26,132.0,100,22.44,173.3,121,14.73,203.5,108,9.16,11.6,5,3.13,1,False
AR,116,510,No,No,0,160.7,69,27.32,146.8,106,12.48,287.8,144,12.95,8.2,5,2.21,0,False
WY,114,415,No,Yes,32,125.2,79,21.28,177.8,105,15.11,232.4,89,10.46,12.9,3,3.48,1,False
MS,130,510,No,No,0,203.9,63,34.66,191.8,93,16.3,132.5,125,5.96,12.1,4,3.27,3,False
WY,78,415,No,No,0,147.1,80,25.01,199.7,100,16.97,160.7,106,7.23,13.7,7,3.7,0,False
NM,182,415,No,No,0,69.1,114,11.75,230.3,109,19.58,256.7,96,11.55,6.5,4,1.76,0,False
KS,43,415,No,No,0,27.0,117,4.59,160.9,97,13.68,279.5,96,12.58,10.7,3,2.89,3,False
TX,152,415,No,No,0,141.5,102,24.06,263.0,94,22.36,207.1,113,9.32,3.4,4,0.92,2,False
NV,115,415,No,No,0,286.4,125,48.69,205.7,74,17.48,191.4,141,8.61,6.9,6,1.86,1,True
ID,122,510,No,Yes,33,270.8,96,46.04,220.4,110,18.73,169.9,104,7.65,11.8,8,3.19,4,False
PA,69,415,No,No,0,228.2,70,38.79,263.7,80,22.41,142.6,60,6.42,10.7,5,2.89,3,False
OR,12,415,No,No,0,204.6,98,34.78,212.5,90,18.06,182.1,95,8.19,9.8,7,2.65,2,False
NJ,24,408,No,No,0,265.6,86,45.15,208.8,102,17.75,182.5,105,8.21,11.1,6,3.0,2,True
CO,68,408,No,No,0,237.1,105,40.31,223.5,105,19.0,97.4,79,4.38,13.2,2,3.56,1,False
HI,104,408,No,No,0,170.6,97,29.0,162.1,111,13.78,210.7,131,9.48,6.1,1,1.65,1,False
WY,33,415,No,No,0,213.9,88,36.36,239.8,119,20.38,148.7,71,6.69,9.8,14,2.65,2,False
FL,31,510,No,No,0,165.4,84,28.12,203.7,107,17.31,201.7,65,9.08,8.2,1,2.21,1,False
WV,154,408,No,Yes,35,64.9,76,11.03,184.1,91,15.65,151.6,75,6.82,14.6,1,3.94,1,False
WV,48,408,No,No,0,275.2,67,46.78,180.2,108,15.32,159.0,110,7.15,7.9,2,2.13,1,False
NV,93,408,No,No,0,114.3,100,19.43,221.1,103,18.79,126.3,88,5.68,10.9,9,2.94,0,False
NE,86,510,No,Yes,29,157.2,118,26.72,196.3,136,16.69,226.7,109,10.2,8.4,5,2.27,3,False
ND,101,415,No,Yes,28,105.9,132,18.0,231.7,107,19.69,281.3,120,12.66,10.7,5,2.89,1,False
CT,50,408,No,No,0,301.7,82,51.29,167.1,118,14.2,72.2,89,3.25,10.5,6,2.84,1,False
GA,74,510,No,Yes,31,249.4,70,42.4,209.5,59,17.81,180.6,75,8.13,9.9,2,2.67,4,False
OR,165,415,No,No,0,216.6,126,36.82,190.8,104,16.22,224.7,123,10.11,12.4,8,3.35,0,False
NJ,92,510,No,Yes,29,155.4,110,26.42,188.5,104,16.02,254.9,118,11.47,8.0,4,2.16,3,False
IN,60,408,No,No,0,220.6,57,37.5,211.1,115,17.94,249.0,129,11.21,6.8,3,1.84,1,False
FL,58,510,No,No,0,234.8,89,39.92,106.8,131,9.08,178.5,122,8.03,9.9,6,2.67,0,False
HI,105,510,No,No,0,125.4,116,21.32,261.5,95,22.23,241.6,104,10.87,11.4,9,3.08,2,False
AR,163,408,No,No,0,197.0,109,33.49,202.6,128,17.22,206.4,80,9.29,9.1,10,2.46,1,False
GA,189,408,No,No,0,227.4,84,38.66,176.0,81,14.96,206.1,120,9.27,6.3,4,1.7,2,False
NH,148,408,No,No,0,17.6,121,2.99,161.7,125,13.74,203.1,82,9.14,10.6,6,2.86,1,False
OK,93,415,No,Yes,32,116.9,120,19.87,232.4,97,19.75,127.7,112,5.75,11.0,9,2.97,0,False
ID,78,415,No,No,0,103.5,115,17.6,117.9,102,10.02,201.0,94,9.05,12.0,3,3.24,4,True
SD,209,415,No,No,0,227.2,128,38.62,258.4,92,21.96,183.5,74,8.26,8.9,4,2.4,3,False
VA,104,408,No,No,0,138.7,107,23.58,256.9,113,21.84,234.9,74,10.57,10.0,3,2.7,0,False
FL,116,415,No,Yes,17,193.4,112,32.88,240.6,131,20.45,248.1,98,11.16,11.4,3,3.08,5,False
VT,142,415,No,No,0,232.5,74,39.53,181.8,142,15.45,203.1,86,9.14,10.4,6,2.81,4,False
KY,111,415,No,No,0,255.9,97,43.5,204.1,129,17.35,171.3,84,7.71,12.3,5,3.32,3,False
WA,63,408,No,No,0,211.7,107,35.99,271.7,77,23.09,203.3,108,9.15,7.4,7,2.0,0,False
OH,94,415,No,No,0,181.3,135,30.82,182.4,108,15.5,180.6,103,8.13,6.7,2,1.81,0,False
CT,93,415,No,No,0,271.1,101,46.09,237.4,133,20.18,145.4,103,6.54,8.4,6,2.27,1,True
WA,174,408,No,Yes,33,167.8,91,28.53,205.3,91,17.45,130.0,132,5.85,14.5,4,3.92,4,True
WA,47,415,No,Yes,27,165.0,89,28.05,127.3,118,10.82,284.4,95,12.8,7.7,4,2.08,2,False
IL,76,510,No,No,0,186.1,96,31.64,211.6,100,17.99,230.6,100,10.38,8.0,4,2.16,0,False
KS,132,415,No,No,0,83.4,110,14.18,232.2,137,19.74,146.7,114,6.6,7.6,5,2.05,1,False
MA,98,510,No,No,0,271.4,119,46.14,190.4,102,16.18,284.7,118,12.81,11.1,6,3.0,4,True
IL,142,415,No,No,0,84.8,95,14.42,136.7,63,11.62,250.5,148,11.27,14.2,6,3.83,2,False
IN,96,415,No,Yes,23,183.1,88,31.13,147.4,89,12.53,350.2,108,15.76,11.3,7,3.05,1,False
TN,99,408,No,No,0,54.8,92,9.32,173.0,103,14.71,195.1,125,8.78,7.5,3,2.03,1,False
NY,168,408,No,No,0,163.4,134,27.78,240.1,87,20.41,164.0,147,7.38,11.6,2,3.13,2,True
MS,103,415,No,No,0,129.3,103,21.98,202.8,89,17.24,233.0,126,10.49,12.9,2,3.48,2,False
TX,114,415,No,No,0,84.7,118,14.4,249.9,86,21.24,193.4,95,8.7,14.5,8,3.92,1,False
DC,147,408,No,No,0,168.6,92,28.66,187.7,107,15.95,216.5,95,9.74,14.4,8,3.89,2,False
NV,113,415,No,Yes,23,205.0,101,34.85,152.0,60,12.92,158.6,59,7.14,10.2,5,2.75,2,False
AZ,92,415,Yes,Yes,45,281.1,88,47.79,198.0,103,16.83,94.3,76,4.24,7.5,3,2.03,0,False
IA,152,415,No,No,0,206.3,98,35.07,292.8,82,24.89,43.7,121,1.97,10.6,4,2.86,1,False
WV,86,415,No,Yes,38,123.0,158,20.91,133.9,119,11.38,138.2,103,6.22,13.3,4,3.59,1,False
NC,73,415,No,Yes,31,194.4,104,33.05,176.0,84,14.96,230.1,110,10.35,11.5,3,3.11,0,False
AK,71,510,No,No,0,185.0,84,31.45,232.5,129,19.76,191.1,82,8.6,14.9,4,4.02,3,False
NJ,138,408,No,No,0,241.8,93,41.11,170.5,83,14.49,295.3,104,13.29,11.8,7,3.19,3,False
WA,184,408,No,No,0,151.7,93,25.79,178.5,77,15.17,229.1,111,10.31,13.1,8,3.54,2,False
KS,164,510,No,Yes,30,238.8,100,40.6,230.0,121,19.55,206.3,66,9.28,13.2,8,3.56,1,False
WA,60,415,Yes,No,0,205.9,97,35.0,277.4,117,23.58,202.0,139,9.09,11.0,2,2.97,0,True
IN,100,510,No,No,0,247.8,117,42.13,130.0,95,11.05,134.3,125,6.04,6.9,2,1.86,1,False
NE,126,415,No,No,0,249.8,96,42.47,261.9,92,22.26,166.8,108,7.51,12.7,4,3.43,3,True
VA,121,415,No,No,0,134.1,112,22.8,195.1,104,16.58,159.6,139,7.18,10.5,2,2.84,2,False
NC,27,408,No,No,0,201.2,128,34.2,227.2,100,19.31,145.8,91,6.56,8.4,3,2.27,2,False
MT,54,415,No,No,0,272.6,83,46.34,248.7,74,21.14,197.4,111,8.88,9.5,2,2.57,1,True
LA,172,408,No,No,0,212.0,121,36.04,31.2,115,2.65,293.3,78,13.2,12.6,10,3.4,3,False
KS,57,415,No,Yes,37,201.2,76,34.2,280.1,122,23.81,154.2,110,6.94,11.8,1,3.19,1,False
NY,125,415,No,No,0,233.3,65,39.66,209.8,93,17.83,210.6,109,9.48,9.1,4,2.46,1,False
IN,7,415,No,No,0,206.7,87,35.14,281.1,83,23.89,158.5,77,7.13,11.0,5,2.97,3,False
NC,77,408,Yes,Yes,44,103.2,117,17.54,236.3,86,20.09,203.5,101,9.16,11.9,2,3.21,0,True
KY,45,415,No,Yes,22,196.6,84,33.42,313.2,92,26.62,163.3,108,7.35,11.9,3,3.21,0,False
WY,109,415,No,No,0,137.0,128,23.29,217.0,116,18.45,182.1,86,8.19,10.0,5,2.7,2,False
DC,141,415,No,Yes,37,185.4,87,31.52,178.5,128,15.17,218.3,107,9.82,8.0,3,2.16,4,False
AL,72,415,No,No,0,217.8,93,37.03,189.7,113,16.12,182.6,91,8.22,10.4,5,2.81,4,False
VA,90,415,No,No,0,102.0,118,17.34,113.3,134,9.63,188.6,105,8.49,11.4,3,3.08,2,False
WV,84,408,No,No,0,86.0,83,14.62,260.7,86,22.16,98.6,109,4.44,8.9,4,2.4,1,False
MS,107,510,No,Yes,30,198.9,87,33.81,207.0,90,17.6,159.8,76,7.19,12.6,4,3.4,3,False
WV,129,415,No,No,0,159.1,100,27.05,202.5,90,17.21,233.1,96,10.49,11.5,6,3.11,2,False
TN,108,408,No,Yes,15,165.1,85,28.07,267.0,93,22.7,250.7,114,11.28,10.9,4,2.94,1,False
MI,120,415,No,No,0,150.6,85,25.6,119.0,128,10.12,232.9,123,10.48,6.4,2,1.73,1,False
MS,123,415,Yes,No,0,125.5,106,21.34,128.9,96,10.96,251.9,129,11.34,6.3,6,1.7,4,True
VA,10,408,No,No,0,186.1,112,31.64,190.2,66,16.17,282.8,57,12.73,11.4,6,3.08,2,False
ME,80,408,No,No,0,322.3,113,54.79,222.0,95,18.87,162.8,123,7.33,6.7,8,1.81,0,True
OK,89,510,No,No,0,303.9,95,51.66,260.9,114,22.18,312.1,89,14.04,5.3,3,1.43,1,True
AK,61,415,No,Yes,15,252.4,106,42.91,187.8,69,15.96,259.6,137,11.68,10.0,3,2.7,2,False
VT,93,510,No,No,0,190.7,114,32.42,218.2,111,18.55,129.6,121,5.83,8.1,3,2.19,3,False
VT,159,415,No,No,0,275.8,103,46.89,189.5,108,16.11,223.9,93,10.08,7.4,5,2.0,2,True
MS,124,415,No,No,0,251.5,85,42.76,214.2,98,18.21,186.1,71,8.37,11.1,6,3.0,3,False
ID,99,408,No,No,0,190.4,102,32.37,158.1,107,13.44,271.5,92,12.22,11.2,4,3.02,2,False
VA,117,408,No,No,0,97.1,98,16.51,228.0,131,19.38,240.0,111,10.8,10.6,3,2.86,1,False
OR,159,510,No,No,0,114.8,98,19.52,192.6,101,16.37,259.0,108,11.66,12.2,5,3.29,0,False
NM,141,415,No,No,0,160.1,87,27.22,256.7,120,21.82,270.0,107,12.15,7.0,1,1.89,2,False
TN,1,415,No,No,0,196.1,107,33.34,296.5,82,25.2,211.5,91,9.52,7.0,2,1.89,1,False
OR,98,415,Yes,No,0,12.5,67,2.13,256.6,90,21.81,169.4,88,7.62,7.7,9,2.08,1,False
NH,19,408,No,No,0,186.1,98,31.64,254.3,57,21.62,214.0,127,9.63,14.6,7,3.94,2,False
FL,116,408,No,No,0,146.4,123,24.89,176.6,113,15.01,212.6,102,9.57,7.8,5,2.11,1,False
OK,118,408,No,Yes,23,289.5,52,49.22,166.6,111,14.16,119.1,88,5.36,9.5,4,2.57,1,False
AL,85,408,No,No,0,127.9,107,21.74,271.2,124,23.05,202.2,76,9.1,12.5,5,3.38,0,False
MI,97,408,No,Yes,32,168.4,129,28.63,225.9,97,19.2,191.8,95,8.63,8.5,7,2.3,0,False
NJ,107,408,No,Yes,36,96.3,83,16.37,179.6,91,15.27,166.3,121,7.48,10.3,2,2.78,1,False
GA,160,415,No,Yes,29,164.6,121,27.98,262.8,108,22.34,123.8,131,5.57,15.2,4,4.1,1,False
VT,73,415,No,No,0,217.8,91,37.03,220.6,97,18.75,277.3,89,12.48,10.3,6,2.78,1,True
ID,56,510,No,No,0,150.9,79,25.65,161.8,87,13.75,167.7,115,7.55,11.7,5,3.16,3,False
ME,113,415,No,No,0,215.5,129,36.64,218.7,117,18.59,207.1,91,9.32,6.6,9,1.78,4,False
ND,110,408,No,No,0,196.1,103,33.34,199.7,123,16.97,135.9,71,6.12,12.9,1,3.48,3,False
KS,67,510,No,No,0,129.0,78,21.93,188.0,116,15.98,235.0,102,10.58,11.2,3,3.02,2,False
WV,127,510,No,No,0,224.3,112,38.13,185.7,103,15.78,159.4,83,7.17,10.0,1,2.7,2,False
WV,144,415,No,No,0,201.1,99,34.19,303.5,74,25.8,224.0,119,10.08,13.2,2,3.56,1,False
AR,109,510,No,No,0,170.7,101,29.02,240.2,82,20.42,119.0,112,5.36,11.4,4,3.08,2,False
MA,111,415,No,No,0,284.4,89,48.35,157.0,113,13.35,242.8,91,10.93,8.4,8,2.27,0,True
ME,78,415,No,No,0,252.9,93,42.99,178.4,112,15.16,263.9,105,11.88,9.5,7,2.57,3,False
ID,128,408,No,No,0,125.2,99,21.28,205.4,107,17.46,254.4,111,11.45,18.9,2,5.1,0,False
ND,177,408,No,No,0,189.5,99,32.22,176.3,117,14.99,225.9,112,10.17,14.2,2,3.83,1,False
OK,46,415,No,No,0,164.2,116,27.91,196.2,153,16.68,236.1,119,10.62,8.1,1,2.19,1,False
WA,48,510,No,No,0,149.2,146,25.36,161.9,109,13.76,197.9,109,8.91,8.3,2,2.24,3,False
WI,111,415,No,No,0,246.5,108,41.91,216.3,89,18.39,179.6,99,8.08,12.7,3,3.43,2,False
VT,48,415,No,No,0,197.7,64,33.61,136.7,126,11.62,244.4,81,11.0,13.2,5,3.56,4,False
PA,119,408,No,No,0,260.1,101,44.22,256.5,68,21.8,229.1,89,10.31,10.0,2,2.7,1,True
WA,76,510,Yes,No,0,246.8,110,41.96,206.3,63,17.54,208.4,123,9.38,13.2,5,3.56,0,True
CO,90,408,No,Yes,30,183.8,76,31.25,229.7,95,19.52,144.1,124,6.48,7.7,3,2.08,1,False
NH,97,408,No,Yes,32,90.0,87,15.3,276.3,113,23.49,185.2,107,8.33,8.6,6,2.32,2,True
AK,52,510,No,No,0,148.3,83,25.21,181.6,79,15.44,155.6,104,7.0,8.3,6,2.24,3,False
LA,179,408,No,No,0,219.2,92,37.26,149.4,125,12.7,244.7,104,11.01,6.1,5,1.65,0,False
PA,96,510,No,No,0,179.5,125,30.52,162.3,139,13.8,264.5,133,11.9,6.6,2,1.78,1,False
AL,83,408,No,No,0,202.3,87,34.39,201.5,111,17.13,101.7,82,4.58,6.8,4,1.84,0,False
SD,105,415,No,No,0,251.6,88,42.77,175.1,103,14.88,184.4,112,8.3,5.4,5,1.46,1,False
NY,61,415,No,No,0,197.7,118,33.61,152.2,96,12.94,221.0,93,9.95,7.0,3,1.89,2,False
NJ,125,415,No,No,0,182.3,64,30.99,139.8,121,11.88,171.6,96,7.72,11.6,7,3.13,2,False
DC,108,510,No,No,0,138.6,122,23.56,172.3,117,14.65,231.6,92,10.42,9.8,3,2.65,1,False
WY,215,510,No,No,0,83.6,148,14.21,120.9,91,10.28,226.6,110,10.2,10.7,9,2.89,0,False
DC,108,408,No,Yes,35,215.9,106,36.7,200.6,107,17.05,195.4,107,8.79,15.5,7,4.19,0,False
NE,132,510,No,No,0,99.5,110,16.92,129.1,80,10.97,125.1,124,5.63,9.7,3,2.62,0,False
MA,51,415,No,No,0,183.1,99,31.13,160.1,107,13.61,311.8,121,14.03,7.0,3,1.89,1,False
WV,112,415,Yes,No,0,161.9,138,27.52,200.9,114,17.08,134.0,134,6.03,10.7,4,2.89,1,False
RI,104,408,Yes,No,0,160.4,73,27.27,293.9,103,24.98,306.6,90,13.8,12.6,5,3.4,4,False
MI,105,510,No,No,0,140.6,109,23.9,178.6,51,15.18,217.0,83,9.76,6.8,3,1.84,2,False
MD,88,415,Yes,No,0,235.1,98,39.97,251.8,79,21.4,285.9,76,12.87,7.2,2,1.94,4,True
AL,85,415,No,No,0,210.3,66,35.75,195.8,76,16.64,221.6,82,9.97,11.2,7,3.02,1,False
ID,101,510,No,Yes,17,193.9,71,32.96,189.8,81,16.13,196.3,97,8.83,12.6,7,3.4,0,False
MS,64,408,Yes,No,0,236.2,77,40.15,218.6,85,18.58,194.1,97,8.73,13.2,2,3.56,2,True
ND,104,415,No,No,0,118.5,92,20.15,177.8,109,15.11,255.7,98,11.51,12.1,4,3.27,1,False
MN,113,408,No,No,0,158.9,137,27.01,242.8,109,20.64,247.8,97,11.15,6.5,4,1.76,0,False
ID,144,415,No,Yes,33,251.6,87,42.77,197.6,118,16.8,209.2,97,9.41,12.2,3,3.29,2,False
NE,86,408,No,No,0,83.8,121,14.25,240.2,96,20.42,158.6,108,7.14,6.7,8,1.81,1,False
NJ,138,510,No,No,0,220.2,89,37.43,88.3,125,7.51,195.3,79,8.79,12.9,5,3.48,0,False
NY,181,415,Yes,No,0,161.3,83,27.42,124.4,83,10.57,262.0,98,11.79,14.1,3,3.81,0,True
MI,112,510,No,No,0,243.4,77,41.38,182.1,97,15.48,259.2,94,11.66,12.8,2,3.46,1,False
VT,135,415,No,No,0,151.7,82,25.79,119.0,105,10.12,180.0,100,8.1,10.5,6,2.84,0,False
FL,161,415,Yes,No,0,156.1,114,26.54,180.3,63,15.33,179.6,115,8.08,11.1,9,3.0,2,False
NY,44,510,No,No,0,143.2,77,24.34,169.8,114,14.43,215.8,77,9.71,7.6,4,2.05,1,False
MO,85,415,No,No,0,126.1,112,21.44,274.7,126,23.35,184.4,95,8.3,9.8,4,2.65,1,False
NC,149,510,No,No,0,207.3,115,35.24,198.4,82,16.86,114.1,83,5.13,8.6,4,2.32,1,False
NJ,135,510,No,Yes,28,201.4,100,34.24,246.5,117,20.95,154.8,131,6.97,12.9,4,3.48,2,True
FL,90,415,No,Yes,24,71.2,82,12.1,181.6,103,15.44,186.9,111,8.41,12.9,1,3.48,1,False
CT,184,510,Yes,No,0,213.8,105,36.35,159.6,84,13.57,139.2,137,6.26,5.0,10,1.35,2,False
NM,153,408,No,No,0,185.3,127,31.5,208.0,73,17.68,206.1,124,9.27,15.1,3,4.08,1,False
MI,83,510,No,Yes,26,226.4,117,38.49,234.7,97,19.95,133.6,82,6.01,10.8,7,2.92,1,False
WI,64,510,No,No,0,154.0,67,26.18,225.8,118,19.19,265.3,86,11.94,3.5,3,0.95,1,False
VA,118,408,No,No,0,189.3,119,32.18,233.5,112,19.85,270.9,104,12.19,10.0,1,2.7,2,False
DC,148,415,No,Yes,11,252.9,129,42.99,284.3,88,24.17,262.8,99,11.83,12.3,1,3.32,1,False
DC,82,415,No,No,0,300.3,109,51.05,181.0,100,15.39,270.1,73,12.15,11.7,4,3.16,0,True
MN,135,408,No,No,0,155.2,100,26.38,135.9,84,11.55,184.6,82,8.31,3.8,9,1.03,3,False
WV,11,510,No,Yes,38,209.8,130,35.67,196.6,84,16.71,233.0,79,10.49,7.0,7,1.89,1,False
RI,83,415,No,Yes,20,95.0,89,16.15,167.9,92,14.27,200.6,79,9.03,11.2,2,3.02,0,False
IL,130,415,No,No,0,155.9,95,26.5,256.1,97,21.77,262.9,103,11.83,11.7,3,3.16,3,False
OH,75,510,No,Yes,46,214.1,62,36.4,200.9,111,17.08,246.8,126,11.11,9.2,6,2.48,0,False
AL,73,415,No,No,0,192.2,86,32.67,168.6,116,14.33,139.8,87,6.29,9.4,6,2.54,1,False
WY,107,510,No,Yes,31,160.3,45,27.25,221.5,70,18.83,261.6,109,11.77,5.6,1,1.51,1,False
RI,85,415,Yes,No,0,197.2,97,33.52,211.7,115,17.99,210.1,133,9.45,8.3,4,2.24,4,False
NJ,182,415,No,No,0,279.1,124,47.45,180.5,108,15.34,217.5,104,9.79,9.5,11,2.57,2,True
KS,46,510,No,No,0,250.3,100,42.55,260.6,90,22.15,195.0,104,8.78,13.3,2,3.59,2,True
CO,85,510,No,Yes,21,283.2,110,48.14,239.7,108,20.37,149.5,80,6.73,6.3,1,1.7,5,False
AK,58,510,No,No,0,131.9,96,22.42,167.6,107,14.25,205.9,106,9.27,14.7,5,3.97,3,False
IN,166,510,No,No,0,204.2,115,34.71,179.9,152,15.29,216.8,109,9.76,9.5,5,2.57,1,False
MT,185,408,No,Yes,29,151.1,121,25.69,244.7,88,20.8,154.4,91,6.95,13.8,2,3.73,2,False
NY,86,510,No,No,0,70.7,125,12.02,211.0,113,17.94,174.6,107,7.86,0.0,0,0.0,2,False
MS,130,510,No,Yes,26,257.2,108,43.72,224.3,122,19.07,204.0,118,9.18,12.6,4,3.4,1,False
WV,113,415,No,No,0,61.2,111,10.4,92.3,88,7.85,197.4,114,8.88,13.7,3,3.7,5,True
NH,35,408,No,No,0,138.1,115,23.48,158.2,82,13.45,215.7,118,9.71,10.3,2,2.78,5,True
MS,101,408,No,No,0,239.0,156,40.63,273.0,106,23.21,278.2,93,12.52,13.5,8,3.65,1,True
WV,173,415,No,No,0,191.4,114,32.54,168.5,138,14.32,109.3,99,4.92,10.3,3,2.78,1,False
NY,91,415,No,Yes,20,146.1,98,24.84,277.4,104,23.58,137.7,100,6.2,6.2,3,1.67,1,False
IN,96,415,No,Yes,45,248.8,124,42.3,140.3,77,11.93,263.6,102,11.86,10.3,2,2.78,3,False
NE,31,415,No,No,0,97.5,129,16.58,260.4,78,22.13,88.7,100,3.99,7.0,5,1.89,1,False
ND,180,415,No,No,0,224.9,105,38.23,250.0,101,21.25,216.1,73,9.72,6.7,5,1.81,3,True
UT,36,415,No,Yes,16,149.4,111,25.4,131.8,113,11.2,132.7,87,5.97,6.7,2,1.81,0,False
CT,48,415,No,No,0,171.9,98,29.22,159.0,127,13.52,139.5,101,6.28,7.6,3,2.05,2,False
WI,142,408,No,Yes,24,239.8,103,40.77,285.9,65,24.3,256.7,106,11.55,9.5,4,2.57,0,False
DE,85,510,No,No,0,211.5,100,35.96,184.6,88,15.69,164.3,131,7.39,13.3,4,3.59,2,False
MS,103,510,No,Yes,29,164.1,111,27.9,219.1,96,18.62,220.3,108,9.91,12.3,9,3.32,0,False
OR,69,415,No,No,0,167.5,76,28.48,242.1,92,20.58,101.2,103,4.55,11.4,4,3.08,2,False
PA,91,510,No,No,0,231.8,120,39.41,150.6,106,12.8,269.2,129,12.11,11.6,7,3.13,3,False
MO,106,415,No,No,0,114.4,104,19.45,78.3,101,6.66,232.7,78,10.47,0.0,0,0.0,2,False
TX,112,415,No,No,0,214.8,112,36.52,209.7,104,17.82,164.4,97,7.4,9.4,5,2.54,3,False
AR,185,415,No,Yes,19,157.3,123,26.74,257.7,94,21.9,190.4,107,8.57,9.6,6,2.59,0,False
UT,133,408,No,Yes,44,174.0,80,29.58,209.4,113,17.8,224.1,87,10.08,14.1,7,3.81,2,True
AL,8,415,No,Yes,36,242.9,67,41.29,170.9,59,14.53,177.3,130,7.98,4.8,12,1.3,1,False
TN,176,415,No,Yes,23,283.2,130,48.14,162.6,74,13.82,177.7,104,8.0,7.2,6,1.94,1,False
OH,83,415,No,Yes,25,191.3,95,32.52,250.7,136,21.31,249.4,86,11.22,17.6,5,4.75,2,False
MD,79,510,No,Yes,31,103.1,90,17.53,243.0,135,20.66,76.4,92,3.44,12.2,8,3.29,3,False
AR,153,408,No,No,0,154.6,56,26.28,263.0,84,22.36,367.7,89,16.55,15.5,2,4.19,1,False
ME,100,510,No,Yes,30,58.8,104,10.0,219.5,107,18.66,152.3,118,6.85,7.1,3,1.92,0,False
OR,76,415,No,No,0,169.5,77,28.82,124.0,87,10.54,219.4,92,9.87,10.0,3,2.7,0,False
TX,58,408,No,Yes,20,194.5,110,33.07,213.7,89,18.16,236.6,92,10.65,9.5,2,2.57,1,False
MN,94,415,No,No,0,181.5,98,30.86,199.9,88,16.99,287.7,114,12.95,6.6,5,1.78,1,False
MN,123,408,No,No,0,236.2,135,40.15,273.9,88,23.28,227.0,77,10.22,10.1,6,2.73,2,True
OR,48,415,No,No,0,190.4,92,32.37,317.5,85,26.99,133.4,113,6.0,8.3,4,2.24,2,False
MS,143,510,No,No,0,155.4,112,26.42,290.9,92,24.73,228.4,91,10.28,13.9,5,3.75,1,False
TX,70,415,No,No,0,232.8,95,39.58,303.4,111,25.79,255.6,104,11.5,12.9,7,3.48,0,True
VA,170,510,Yes,No,0,259.9,68,44.18,245.0,122,20.83,134.4,121,6.05,8.4,3,2.27,3,False
KY,80,408,No,No,0,209.9,74,35.68,195.1,77,16.58,208.2,119,9.37,8.8,4,2.38,2,False
TX,90,408,No,Yes,27,156.7,51,26.64,236.5,118,20.1,123.2,111,5.54,12.6,6,3.4,2,False
IA,129,415,No,No,0,216.0,85,36.72,186.9,114,15.89,210.7,109,9.48,4.9,10,1.32,2,False
UT,170,415,No,No,0,285.7,44,48.57,167.5,144,14.24,260.0,97,11.7,8.7,4,2.35,1,True
MI,108,408,No,Yes,32,209.5,108,35.62,109.6,64,9.32,189.7,145,8.54,9.1,6,2.46,6,True
WY,57,408,No,Yes,39,213.0,115,36.21,191.1,112,16.24,182.7,115,8.22,9.5,3,2.57,0,False
UT,116,415,No,Yes,44,230.6,94,39.2,224.1,103,19.05,244.0,76,10.98,11.1,2,3.0,0,False
NY,119,415,No,No,0,133.4,102,22.68,204.6,71,17.39,196.9,103,8.86,11.1,7,3.0,1,False
MO,135,510,No,No,0,246.8,129,41.96,187.8,121,15.96,154.5,109,6.95,12.6,5,3.4,1,False
CT,22,408,No,No,0,207.7,116,35.31,210.6,99,17.9,238.2,88,10.72,9.6,5,2.59,0,False
VT,117,408,Yes,No,0,167.1,86,28.41,177.5,87,15.09,249.4,132,11.22,14.1,7,3.81,2,True
KS,119,415,No,No,0,231.5,82,39.36,266.9,97,22.69,211.0,118,9.49,7.4,10,2.0,1,False
OH,65,408,No,No,0,187.9,116,31.94,157.6,117,13.4,227.3,86,10.23,7.5,6,2.03,1,False
GA,135,415,No,Yes,22,197.1,113,33.51,259.4,95,22.05,134.7,135,6.06,14.6,5,3.94,2,False
DE,183,415,No,Yes,8,86.5,119,14.71,285.2,97,24.24,180.4,133,8.12,8.7,2,2.35,2,False
SD,78,415,No,Yes,25,197.4,73,33.56,295.7,113,25.13,211.7,73,9.53,13.2,2,3.56,0,False
NE,127,510,Yes,No,0,180.9,114,30.75,209.5,118,17.81,249.9,105,11.25,7.4,4,2.0,2,False
NE,99,415,No,No,0,200.0,66,34.0,107.9,104,9.17,233.7,82,10.52,11.4,2,3.08,3,False
RI,115,408,No,No,0,147.9,109,25.14,228.4,117,19.41,299.7,90,13.49,9.6,9,2.59,3,False
UT,118,415,No,Yes,24,118.1,83,20.08,109.6,72,9.32,245.5,73,11.05,16.9,2,4.56,1,False
ME,112,415,No,No,0,185.4,114,31.52,191.4,119,16.27,144.0,78,6.48,10.0,11,2.7,2,False
ND,160,510,No,No,0,121.8,97,20.71,89.3,97,7.59,150.7,92,6.78,10.3,5,2.78,1,False
AZ,140,408,No,No,0,149.8,134,25.47,164.4,98,13.97,294.7,124,13.26,8.1,2,2.19,1,False
MO,83,415,No,Yes,30,272.5,105,46.33,253.0,83,21.51,180.8,123,8.14,8.7,6,2.35,3,False
MI,225,415,No,No,0,165.4,106,28.12,273.7,109,23.26,210.0,93,9.45,8.7,3,2.35,0,True
FL,120,415,No,Yes,31,153.5,83,26.1,219.1,96,18.62,237.4,76,10.68,11.4,4,3.08,0,False
VA,113,415,No,Yes,23,149.0,104,25.33,235.8,67,20.04,201.8,76,9.08,9.5,5,2.57,4,False
MT,63,415,No,Yes,33,184.2,111,31.31,312.6,89,26.57,264.0,55,11.88,12.2,4,3.29,1,False
NV,86,510,No,No,0,141.3,72,24.02,154.3,95,13.12,210.6,91,9.48,8.2,5,2.21,1,False
OH,136,415,No,Yes,31,143.1,88,24.33,236.6,65,20.11,227.8,120,10.25,11.4,5,3.08,2,False
VT,107,510,No,Yes,28,201.8,79,34.31,304.9,128,25.92,225.6,133,10.15,11.9,8,3.21,1,False
IN,131,408,No,No,0,240.9,108,40.95,167.4,91,14.23,322.2,109,14.5,14.7,8,3.97,3,False
SC,99,510,Yes,Yes,39,126.8,94,21.56,293.6,115,24.96,174.1,91,7.83,8.4,4,2.27,0,False
SC,93,415,No,No,0,190.2,68,32.33,262.2,64,22.29,130.0,92,5.85,8.8,4,2.38,0,False
WV,90,415,No,No,0,205.7,138,34.97,161.9,83,13.76,269.7,104,12.14,12.5,6,3.38,2,False
NY,112,415,No,No,0,174.3,123,29.63,140.2,124,11.92,215.4,89,9.69,9.0,6,2.43,4,True
KS,116,510,No,No,0,189.5,90,32.22,189.8,118,16.13,205.8,83,9.26,13.1,2,3.54,1,False
AR,116,408,No,No,0,173.5,93,29.5,194.1,76,16.5,208.0,112,9.36,16.2,10,4.37,3,False
FL,106,415,No,Yes,31,197.4,125,33.56,123.4,110,10.49,115.6,101,5.2,12.3,4,3.32,3,False
TX,169,408,No,No,0,266.7,105,45.34,158.2,88,13.45,287.7,111,12.95,13.8,3,3.73,3,True
VT,111,408,No,No,0,99.3,112,16.88,270.5,136,22.99,225.3,94,10.14,9.0,6,2.43,3,False
NV,160,415,No,No,0,176.2,90,29.95,196.0,115,16.66,263.9,95,11.88,9.2,4,2.48,1,False
NY,115,510,No,Yes,16,133.3,110,22.66,185.7,111,15.78,161.5,113,7.27,5.6,4,1.51,2,False
GA,112,415,No,Yes,22,181.8,110,30.91,228.1,123,19.39,262.7,141,11.82,9.2,4,2.48,2,False
MD,62,408,No,No,0,321.1,105,54.59,265.5,122,22.57,180.5,72,8.12,11.5,2,3.11,4,True
IA,62,415,No,No,0,120.7,70,20.52,307.2,76,26.11,203.0,99,9.14,13.1,6,3.54,4,False
NM,55,415,No,No,0,132.0,103,22.44,279.6,114,23.77,180.0,74,8.1,13.5,4,3.65,0,False
OR,65,415,No,No,0,116.8,87,19.86,178.9,93,15.21,182.4,150,8.21,14.1,2,3.81,1,False
MI,119,510,Yes,Yes,22,172.1,119,29.26,223.6,133,19.01,150.0,94,6.75,13.9,20,3.75,1,True
NH,124,415,No,No,0,254.3,113,43.23,78.9,104,6.71,153.2,69,6.89,11.8,2,3.19,2,False
WY,185,415,Yes,Yes,30,154.1,114,26.2,118.7,106,10.09,258.4,105,11.63,12.9,3,3.48,2,False
MT,102,408,No,No,0,273.2,85,46.44,211.1,82,17.94,203.7,129,9.17,13.1,7,3.54,2,True
VT,146,510,Yes,No,0,204.4,135,34.75,219.1,90,18.62,222.7,114,10.02,10.5,6,2.84,3,False
OR,140,415,No,No,0,120.3,108,20.45,240.4,84,20.43,216.4,74,9.74,7.7,3,2.08,4,True
IL,48,510,No,No,0,128.2,71,21.79,48.1,78,4.09,116.3,80,5.23,8.9,3,2.4,0,False
ME,118,408,Yes,Yes,21,156.5,122,26.61,209.2,125,17.78,158.7,81,7.14,11.1,3,3.0,4,True
MO,101,415,Yes,No,0,133.5,51,22.7,219.6,96,18.67,210.0,74,9.45,11.7,4,3.16,1,False
OR,27,510,No,No,0,232.1,81,39.46,210.8,101,17.92,165.4,87,7.44,15.0,6,4.05,5,False
SD,149,408,No,Yes,28,180.7,92,30.72,187.8,64,15.96,265.5,53,11.95,12.6,3,3.4,3,False
WY,151,510,No,No,0,235.9,104,40.1,80.6,91,6.85,212.8,116,9.58,5.8,2,1.57,3,False
MA,46,408,No,No,0,139.4,81,23.7,223.7,113,19.01,173.1,77,7.79,13.6,6,3.67,1,False
PA,53,415,No,No,0,205.1,86,34.87,160.5,95,13.64,149.5,142,6.73,10.7,2,2.89,3,False
SC,78,415,No,No,0,155.0,106,26.35,175.3,101,14.9,155.6,125,7.0,11.8,5,3.19,2,False
VT,152,510,No,Yes,20,214.6,108,36.48,96.6,82,8.21,170.7,145,7.68,7.9,5,2.13,1,False
MI,81,415,No,No,0,153.5,99,26.1,197.6,102,16.8,198.5,86,8.93,6.3,2,1.7,2,False
VA,113,408,No,Yes,34,44.9,63,7.63,134.2,82,11.41,168.4,118,7.58,13.3,3,3.59,1,False
TX,97,415,Yes,No,0,143.7,117,24.43,273.0,82,23.21,178.3,81,8.02,10.9,3,2.94,0,False
NE,34,415,No,No,0,193.7,74,32.93,126.9,84,10.79,221.2,166,9.95,8.8,4,2.38,0,False
IA,79,415,No,Yes,17,167.9,114,28.54,243.7,93,20.71,211.9,114,9.54,9.1,2,2.46,1,False
OK,177,408,No,No,0,175.4,99,29.82,155.3,83,13.2,179.4,86,8.07,11.5,3,3.11,1,False
NM,55,510,No,No,0,119.7,148,20.35,231.8,96,19.7,222.3,113,10.0,4.6,2,1.24,2,False
NV,130,510,No,No,0,154.2,119,26.21,110.2,98,9.37,227.4,117,10.23,9.2,5,2.48,2,False
MT,113,415,No,No,0,215.9,93,36.7,240.1,85,20.41,156.7,123,7.05,4.9,5,1.32,3,False
SC,78,510,No,No,0,168.3,110,28.61,221.2,73,18.8,241.0,136,10.85,12.5,1,3.38,1,False
AK,115,415,No,No,0,245.2,105,41.68,159.0,109,13.52,229.9,74,10.35,7.2,8,1.94,0,False
ID,92,415,No,No,0,197.2,113,33.52,242.3,116,20.6,192.0,76,8.64,11.0,5,2.97,2,False
NH,54,510,No,No,0,210.5,102,35.79,204.5,83,17.38,127.8,53,5.75,8.5,5,2.3,1,False
KS,57,415,No,No,0,158.1,117,26.88,115.2,149,9.79,182.4,92,8.21,11.8,7,3.19,0,False
KY,39,415,No,No,0,295.4,126,50.22,232.1,117,19.73,204.4,123,9.2,11.5,2,3.11,1,True
SC,138,510,No,Yes,21,19.5,149,3.32,140.9,109,11.98,179.7,111,8.09,7.9,1,2.13,0,False
DC,93,408,No,No,0,164.5,95,27.97,230.9,87,19.63,149.9,91,6.75,9.9,3,2.67,4,False
FL,102,408,No,Yes,29,214.7,86,36.5,314.3,109,26.72,280.2,110,12.61,14.3,2,3.86,0,False
MD,189,415,No,Yes,30,155.2,116,26.38,195.5,50,16.62,170.1,108,7.65,15.4,6,4.16,1,False
OR,25,408,No,No,0,178.8,90,30.4,141.2,72,12.0,203.0,99,9.14,8.4,5,2.27,2,False
OR,67,415,Yes,No,0,120.9,58,20.55,235.0,88,19.98,95.1,130,4.28,11.4,11,3.08,2,False
MA,102,510,Yes,No,0,233.8,103,39.75,221.6,131,18.84,146.9,106,6.61,12.8,3,3.46,0,False
CO,105,408,No,No,0,270.9,98,46.05,226.2,110,19.23,178.8,60,8.05,8.8,5,2.38,0,True
IN,69,408,No,No,0,185.3,91,31.5,219.1,88,18.62,243.6,107,10.96,5.5,5,1.49,0,False
NE,46,408,No,No,0,210.2,92,35.73,227.3,77,19.32,200.1,116,9.0,13.1,7,3.54,1,False
AL,61,415,No,Yes,20,254.4,133,43.25,161.7,96,13.74,251.4,91,11.31,10.5,4,2.84,0,False
IA,86,408,No,No,0,126.3,115,21.47,168.8,112,14.35,154.6,95,6.96,9.8,7,2.65,2,False
TX,51,415,No,No,0,180.5,88,30.69,134.7,102,11.45,170.7,97,7.68,10.0,3,2.7,2,False
WV,177,408,No,No,0,227.8,81,38.73,161.8,97,13.75,217.0,106,9.76,8.0,5,2.16,1,False
NY,126,415,Yes,No,0,239.7,87,40.75,281.7,92,23.94,183.5,113,8.26,11.4,1,3.08,1,True
OR,97,415,No,No,0,146.0,121,24.82,203.0,141,17.26,151.8,120,6.83,13.3,2,3.59,1,False
IL,78,415,Yes,No,0,236.8,141,40.26,265.3,101,22.55,152.4,77,6.86,9.5,2,2.57,1,True
WV,124,510,No,No,0,184.8,74,31.42,175.1,84,14.88,158.2,95,7.12,10.5,6,2.84,1,False
CA,113,415,No,No,0,187.6,97,31.89,208.2,118,17.7,158.9,101,7.15,8.7,6,2.35,2,False
UT,157,408,No,No,0,229.8,90,39.07,147.9,121,12.57,241.4,108,10.86,9.6,7,2.59,3,False
CT,115,415,No,No,0,245.0,97,41.65,250.7,75,21.31,270.2,124,12.16,13.7,8,3.7,1,True
ND,122,408,No,No,0,231.2,141,39.3,267.8,136,22.76,240.3,100,10.81,8.8,5,2.38,1,True
FL,70,510,Yes,No,0,226.7,98,38.54,228.1,115,19.39,73.2,93,3.29,17.6,4,4.75,2,True
NE,112,415,Yes,Yes,16,200.3,72,34.05,197.8,91,16.81,151.1,92,6.8,10.4,3,2.81,1,False
MA,58,415,No,Yes,30,178.1,111,30.28,236.7,109,20.12,264.0,118,11.88,8.4,2,2.27,0,False
MS,105,415,No,No,0,101.4,48,17.24,159.1,119,13.52,259.2,53,11.66,12.2,2,3.29,1,False
MS,137,510,No,No,0,147.2,119,25.02,192.8,91,16.39,172.7,105,7.77,10.2,4,2.75,1,False
MO,110,408,No,No,0,222.7,94,37.86,105.8,98,8.99,214.8,78,9.67,13.5,4,3.65,1,False
ND,147,408,Yes,Yes,35,157.5,109,26.78,189.6,67,16.12,227.0,76,10.22,11.1,2,3.0,3,True
WI,143,510,No,No,0,194.3,99,33.03,123.6,133,10.51,229.5,99,10.33,10.2,2,2.75,2,False
TX,126,415,No,No,0,190.9,143,32.45,149.7,72,12.72,191.4,87,8.61,13.0,3,3.51,1,False
WV,23,510,No,Yes,31,156.6,84,26.62,161.5,96,13.73,294.6,107,13.26,9.4,6,2.54,1,False
NJ,131,415,No,No,0,211.8,115,36.01,260.5,102,22.14,144.2,96,6.49,10.8,7,2.92,0,False
MS,115,415,No,No,0,166.5,111,28.31,236.2,98,20.08,205.6,92,9.25,15.6,2,4.21,1,False
GA,56,415,No,Yes,30,127.1,89,21.61,172.1,116,14.63,194.6,111,8.76,12.1,3,3.27,1,False
CA,72,408,No,Yes,39,92.8,98,15.78,271.2,115,23.05,167.1,83,7.52,5.8,7,1.57,1,False
OR,59,408,No,Yes,28,120.9,97,20.55,213.0,92,18.11,163.1,116,7.34,8.5,5,2.3,2,False
KS,79,415,No,No,0,177.9,83,30.24,167.3,84,14.22,223.7,142,10.07,15.2,8,4.1,0,False
MD,136,415,No,No,0,250.2,121,42.53,267.1,118,22.7,151.0,114,6.8,13.0,2,3.51,1,True
IN,140,415,No,No,0,160.5,114,27.29,240.5,103,20.44,233.5,121,10.51,11.3,4,3.05,1,False
RI,133,510,Yes,No,0,127.3,108,21.64,251.3,81,21.36,135.0,88,6.08,10.3,3,2.78,1,False
MN,52,415,No,Yes,32,130.1,68,22.12,247.2,77,21.01,289.4,87,13.02,13.5,5,3.65,2,False
MI,59,415,No,No,0,204.3,65,34.73,247.3,123,21.02,214.7,94,9.66,12.0,4,3.24,1,False
AZ,141,510,No,Yes,22,215.4,123,36.62,328.7,98,27.94,160.5,89,7.22,7.8,6,2.11,1,False
LA,91,415,No,No,0,190.5,128,32.39,205.5,103,17.47,130.7,63,5.88,13.8,5,3.73,0,False
AL,86,415,No,No,0,128.3,121,21.81,197.1,93,16.75,138.4,152,6.23,12.2,5,3.29,7,True
NJ,106,415,No,No,0,207.9,91,35.34,172.0,109,14.62,191.8,143,8.63,14.4,7,3.89,4,False
NC,115,415,Yes,No,0,180.0,119,30.6,198.8,126,16.9,217.1,70,9.77,12.4,3,3.35,1,False
FL,105,415,No,No,0,273.8,97,46.55,289.7,106,24.62,269.1,126,12.11,5.8,3,1.57,2,True
WV,58,408,No,Yes,39,211.9,40,36.02,274.4,76,23.32,210.5,139,9.47,5.4,4,1.46,1,False
SC,107,415,No,No,0,206.9,79,35.17,262.4,117,22.3,149.3,69,6.72,10.7,3,2.89,0,False
CT,66,415,No,Yes,29,229.4,104,39.0,257.4,84,21.88,231.5,119,10.42,8.0,1,2.16,2,False
DE,67,415,Yes,Yes,35,181.1,59,30.79,215.9,116,18.35,216.3,106,9.73,16.9,4,4.56,0,True
LA,27,408,No,No,0,82.6,105,14.04,204.0,99,17.34,224.2,122,10.09,9.1,4,2.46,1,False
CO,83,510,No,No,0,132.4,120,22.51,121.6,101,10.34,197.7,84,8.9,8.6,2,2.32,1,False
NH,110,408,No,No,0,162.0,81,27.54,247.5,89,21.04,155.5,99,7.0,8.9,8,2.4,0,False
CA,105,415,No,Yes,31,109.6,108,18.63,249.3,119,21.19,321.2,101,14.45,8.3,4,2.24,4,True
NC,117,510,No,No,0,214.4,94,36.45,138.0,149,11.73,148.7,102,6.69,9.9,1,2.67,2,False
ID,92,415,No,Yes,29,201.3,130,34.22,203.7,115,17.31,129.9,113,5.85,6.4,6,1.73,1,True
MS,65,415,Yes,No,0,277.9,123,47.24,155.8,112,13.24,256.9,71,11.56,9.2,10,2.48,0,True
DE,129,408,No,No,0,161.3,122,27.42,220.6,95,18.75,224.7,104,10.11,9.6,3,2.59,1,False
NM,65,415,No,No,0,148.7,80,25.28,259.0,94,22.02,149.5,107,6.73,12.7,6,3.43,2,False
NH,90,415,No,Yes,42,193.3,66,32.86,263.3,85,22.38,214.4,97,9.65,11.1,4,3.0,0,False
MD,85,510,Yes,No,0,216.0,73,36.72,188.2,117,16.0,147.1,98,6.62,3.6,7,0.97,2,False
KS,128,415,No,Yes,25,265.1,110,45.07,197.4,99,16.78,244.7,91,11.01,10.0,3,2.7,1,False
RI,65,415,No,No,0,111.0,51,18.87,219.8,84,18.68,202.0,89,9.09,4.4,14,1.19,1,False
IL,85,415,No,Yes,29,144.6,97,24.58,140.0,102,11.9,165.4,148,7.44,10.9,3,2.94,1,False
ID,105,408,No,No,0,232.6,96,39.54,253.4,117,21.54,154.0,101,6.93,10.5,9,2.84,1,False
AK,1,408,No,No,0,175.2,74,29.78,151.7,79,12.89,230.5,109,10.37,5.3,3,1.43,1,False
CO,132,415,No,No,0,197.8,66,33.63,133.9,119,11.38,177.3,94,7.98,10.9,3,2.94,4,True
PA,112,510,No,No,0,217.1,76,36.91,205.2,100,17.44,185.7,91,8.36,9.4,3,2.54,2,False
ND,70,415,No,Yes,31,125.9,101,21.4,196.4,102,16.69,252.7,75,11.37,10.3,4,2.78,1,False
UT,61,415,Yes,Yes,29,128.2,119,21.79,171.7,83,14.59,250.9,114,11.29,11.7,6,3.16,3,False
AZ,144,510,Yes,No,0,203.5,100,34.6,247.6,103,21.05,194.3,94,8.74,11.9,11,3.21,0,False
NY,89,415,No,No,0,89.5,66,15.22,179.3,104,15.24,225.1,116,10.13,12.3,1,3.32,3,False
WI,81,415,No,Yes,33,161.6,117,27.47,123.0,90,10.46,261.3,101,11.76,12.2,5,3.29,1,False
PA,101,415,No,No,0,206.6,105,35.12,224.9,117,19.12,249.9,100,11.25,14.6,3,3.94,0,False
IL,83,415,No,No,0,195.0,92,33.15,210.5,83,17.89,180.6,92,8.13,11.0,13,2.97,0,False
WY,157,415,Yes,No,0,180.4,123,30.67,194.0,98,16.49,227.3,88,10.23,8.4,5,2.27,0,False
ME,151,415,No,Yes,26,196.5,98,33.41,175.8,111,14.94,221.8,124,9.98,13.4,5,3.62,0,False
NV,107,510,Yes,No,0,234.1,91,39.8,163.1,105,13.86,282.5,100,12.71,10.0,3,2.7,1,False
CT,123,415,No,No,0,128.7,126,21.88,117.6,94,10.0,198.4,132,8.93,10.8,5,2.92,0,False
RI,145,408,No,Yes,43,257.7,97,43.81,162.1,95,13.78,286.9,86,12.91,11.1,4,3.0,2,False
DC,70,415,No,No,0,152.8,145,25.98,183.6,102,15.61,151.8,75,6.83,10.5,2,2.84,1,False
FL,124,415,No,Yes,28,251.4,104,42.74,225.1,89,19.13,251.9,121,11.34,7.5,5,2.03,1,False
SC,77,510,No,Yes,28,135.9,117,23.1,244.5,102,20.78,207.5,74,9.34,11.5,3,3.11,4,True
OR,151,510,No,No,0,156.4,108,26.59,233.4,118,19.84,195.7,141,8.81,7.7,6,2.08,4,False
DE,117,415,No,No,0,168.8,137,28.7,241.4,107,20.52,204.8,106,9.22,15.5,4,4.19,0,False
MO,174,510,No,No,0,235.5,108,40.04,142.3,143,12.1,316.7,131,14.25,12.5,5,3.38,0,False
WY,111,415,No,No,0,222.2,96,37.77,162.5,111,13.81,184.9,120,8.32,11.9,7,3.21,4,False
AZ,12,408,No,No,0,249.6,118,42.43,252.4,119,21.45,280.2,90,12.61,11.8,3,3.19,1,True
KS,70,408,No,No,0,232.1,122,39.46,292.3,112,24.85,201.2,112,9.05,0.0,0,0.0,3,False
AR,103,415,No,Yes,31,185.4,105,31.52,197.6,126,16.8,147.1,110,6.62,14.5,4,3.92,2,False
WV,172,415,No,No,0,211.7,100,35.99,198.7,101,16.89,301.7,136,13.58,6.5,9,1.76,1,False
NC,55,408,Yes,No,0,221.0,115,37.57,165.4,97,14.06,235.4,117,10.59,9.7,4,2.62,1,False
IN,51,510,No,No,0,214.8,94,36.52,149.7,58,12.72,283.4,66,12.75,10.2,5,2.75,0,False
OK,52,510,No,Yes,38,169.3,88,28.78,225.9,97,19.2,172.0,86,7.74,8.2,3,2.21,0,False
CA,75,510,No,Yes,38,163.6,132,27.81,146.7,113,12.47,345.8,115,15.56,13.1,3,3.54,3,False
IL,107,415,No,Yes,14,114.3,132,19.43,199.8,91,16.98,194.7,74,8.76,7.5,8,2.03,1,False
MT,100,415,No,No,0,113.3,96,19.26,197.9,89,16.82,284.5,93,12.8,11.7,2,3.16,4,True
MI,116,408,No,No,0,133.3,94,22.66,247.8,126,21.06,219.0,78,9.86,11.3,5,3.05,5,True
OH,65,415,No,No,0,245.7,139,41.77,241.9,113,20.56,285.3,117,12.84,4.2,5,1.13,4,True
GA,133,510,No,No,0,227.4,90,38.66,73.2,135,6.22,114.3,99,5.14,4.7,7,1.27,0,False
DC,88,415,No,Yes,17,219.5,78,37.32,222.1,94,18.88,188.3,92,8.47,16.1,5,4.35,1,False
ME,59,510,No,No,0,166.3,95,28.27,239.3,87,20.34,123.2,108,5.54,10.0,3,2.7,2,False
MN,124,510,No,No,0,157.5,70,26.78,130.7,79,11.11,193.4,98,8.7,9.6,4,2.59,3,False
AR,59,510,No,Yes,29,133.1,114,22.63,221.2,82,18.8,131.6,103,5.92,6.8,3,1.84,1,False
KY,95,510,No,No,0,157.3,116,26.74,197.5,77,16.79,128.2,111,5.77,8.4,4,2.27,2,False
ND,56,510,No,No,0,164.3,92,27.93,233.7,107,19.86,187.3,104,8.43,11.8,1,3.19,2,False
NE,123,510,No,No,0,194.0,118,32.98,242.0,114,20.57,146.3,108,6.58,12.1,4,3.27,1,False
MT,137,408,Yes,No,0,258.0,112,43.86,246.5,117,20.95,173.2,100,7.79,10.9,3,2.94,0,True
OK,180,415,No,No,0,143.5,121,24.4,189.3,111,16.09,174.9,82,7.87,8.8,5,2.38,3,False
DE,90,415,No,No,0,198.5,124,33.75,266.6,100,22.66,243.3,80,10.95,8.0,7,2.16,2,False
WY,164,510,No,No,0,160.6,111,27.3,163.2,126,13.87,187.1,112,8.42,9.0,3,2.43,1,False
WV,67,510,No,No,0,152.5,131,25.93,252.4,107,21.45,185.4,104,8.34,4.9,3,1.32,2,False
VT,101,510,No,No,0,0.0,0,0.0,192.1,119,16.33,168.8,95,7.6,7.2,4,1.94,1,False
RI,103,510,Yes,No,0,255.9,128,43.5,140.9,92,11.98,308.9,130,13.9,12.1,2,3.27,1,True
WA,96,415,No,No,0,276.9,105,47.07,246.9,94,20.99,254.4,107,11.45,10.3,3,2.78,1,True
MO,110,415,No,No,0,178.5,124,30.35,146.9,141,12.49,217.1,102,9.77,9.9,7,2.67,1,False
NJ,64,415,No,No,0,224.8,111,38.22,190.0,101,16.15,221.4,110,9.96,9.2,2,2.48,1,False
OK,101,415,No,No,0,269.7,85,45.85,207.6,86,17.65,214.2,107,9.64,4.5,15,1.22,3,True
MS,158,510,No,No,0,175.9,105,29.9,188.3,88,16.01,188.3,98,8.47,11.0,6,2.97,1,False
UT,110,415,No,No,0,271.1,108,46.09,237.0,122,20.15,239.9,122,10.8,9.8,5,2.65,2,True
TN,121,510,No,Yes,26,170.4,91,28.97,254.5,90,21.63,219.6,122,9.88,15.1,5,4.08,0,False
VA,129,408,No,No,0,207.0,91,35.19,154.9,121,13.17,245.1,112,11.03,13.4,5,3.62,3,False
NV,91,408,No,No,0,133.7,75,22.73,195.3,87,16.6,280.5,89,12.62,5.9,2,1.59,0,False
SD,75,408,No,No,0,147.5,110,25.08,191.7,97,16.29,135.0,68,6.08,16.4,3,4.43,2,False
RI,107,415,No,Yes,37,60.0,102,10.2,102.2,80,8.69,261.8,106,11.78,11.1,3,3.0,0,False
WI,68,415,No,No,0,148.8,70,25.3,246.5,164,20.95,129.8,103,5.84,12.1,3,3.27,3,False
NH,88,415,No,No,0,202.2,86,34.37,216.8,93,18.43,239.4,99,10.77,11.8,2,3.19,2,False
MN,100,415,No,Yes,27,221.7,100,37.69,236.1,70,20.07,192.7,91,8.67,8.0,4,2.16,0,False
NV,64,415,No,No,0,97.2,80,16.52,186.2,90,15.83,189.0,92,8.5,10.4,6,2.81,2,False
ID,79,510,No,Yes,21,264.3,79,44.93,202.8,118,17.24,173.4,92,7.8,6.3,3,1.7,4,False
AK,130,415,No,No,0,242.5,101,41.23,102.8,114,8.74,142.4,89,6.41,9.3,2,2.51,2,False
KS,107,415,No,No,0,260.5,108,44.29,102.4,110,8.7,129.7,148,5.84,9.8,5,2.65,1,False
VA,139,510,No,Yes,23,157.6,129,26.79,247.0,96,21.0,259.2,112,11.66,13.7,2,3.7,0,False
MT,114,510,No,No,0,189.8,101,32.27,147.7,80,12.55,172.7,121,7.77,10.6,5,2.86,1,False
ND,132,415,No,Yes,31,174.5,101,29.67,245.6,105,20.88,172.8,76,7.78,10.3,9,2.78,1,False
OK,84,510,No,No,0,203.4,125,34.58,182.9,88,15.55,213.7,121,9.62,13.8,2,3.73,1,False
VT,63,415,No,No,0,278.0,102,47.26,266.4,114,22.64,224.1,118,10.08,13.1,4,3.54,4,True
KY,54,408,No,No,0,159.8,99,27.17,264.0,64,22.44,115.7,70,5.21,9.7,7,2.62,2,False
KS,74,415,No,Yes,32,174.6,107,29.68,310.6,115,26.4,234.7,92,10.56,9.0,4,2.43,1,False
SC,140,510,No,Yes,28,157.1,77,26.71,172.4,97,14.65,184.5,94,8.3,11.1,9,3.0,1,False
GA,202,510,No,No,0,115.4,137,19.62,178.7,70,15.19,185.7,113,8.36,6.0,3,1.62,3,False
DE,54,415,Yes,No,0,214.1,77,36.4,240.5,94,20.44,188.9,75,8.5,10.1,3,2.73,1,False
AL,131,510,No,No,0,153.4,86,26.08,198.5,81,16.87,164.4,83,7.4,10.4,3,2.81,0,False
DC,126,510,No,No,0,122.4,88,20.81,143.8,111,12.22,157.0,106,7.07,11.5,3,3.11,1,False
NJ,95,415,No,Yes,22,40.9,126,6.95,133.4,90,11.34,264.2,91,11.89,11.9,7,3.21,0,False
PA,92,408,No,Yes,28,151.1,90,25.69,194.8,79,16.56,239.2,114,10.76,10.0,3,2.7,1,False
LA,128,415,No,No,0,148.5,105,25.25,243.0,106,20.66,255.2,114,11.48,6.8,2,1.84,1,False
GA,86,510,No,No,0,124.1,82,21.1,202.6,120,17.22,289.6,119,13.03,6.7,8,1.81,3,False
NM,16,510,No,No,0,144.8,84,24.62,164.9,141,14.02,231.5,75,10.42,8.2,4,2.21,2,False
VT,131,415,No,Yes,34,156.6,134,26.62,71.0,95,6.04,261.7,120,11.78,13.4,10,3.62,1,False
MS,76,408,No,No,0,173.2,93,29.44,131.2,80,11.15,170.9,104,7.69,5.4,3,1.46,0,False
NE,94,415,No,No,0,252.6,104,42.94,169.0,125,14.37,170.9,106,7.69,11.1,7,3.0,2,False
NH,111,510,No,No,0,197.1,117,33.51,227.8,128,19.36,214.0,101,9.63,9.3,11,2.51,0,False
WV,131,415,No,No,0,196.1,89,33.34,185.5,87,15.77,250.0,132,11.25,5.2,6,1.4,2,False
AR,96,415,No,Yes,21,247.6,95,42.09,256.3,150,21.79,158.6,72,7.14,10.8,6,2.92,2,False
VT,157,510,No,No,0,168.6,71,28.66,205.1,48,17.43,175.8,88,7.91,5.9,2,1.59,3,False
AK,127,408,No,No,0,182.3,124,30.99,169.9,110,14.44,184.0,116,8.28,9.3,3,2.51,1,False
AR,138,510,No,No,0,146.5,101,24.91,284.5,142,24.18,176.0,98,7.92,14.0,6,3.78,3,False
DE,224,510,Yes,No,0,171.5,99,29.16,160.0,103,13.6,212.4,102,9.56,5.0,2,1.35,1,True
SD,97,415,No,No,0,168.6,87,28.66,259.2,105,22.03,279.8,123,12.59,7.3,4,1.97,1,False
OR,82,415,No,Yes,19,146.5,73,24.91,246.4,65,20.94,199.0,114,8.96,4.1,4,1.11,1,False
CT,30,408,No,No,0,137.6,108,23.39,162.0,80,13.77,187.7,126,8.45,5.8,10,1.57,3,False
KS,124,510,No,Yes,37,161.2,109,27.4,204.2,79,17.36,231.5,87,10.42,8.9,4,2.4,1,False
WI,107,510,No,Yes,25,248.6,91,42.26,119.3,115,10.14,194.3,83,8.74,12.0,1,3.24,1,False
NM,68,408,No,No,0,131.6,89,22.37,137.0,109,11.65,256.3,107,11.53,10.2,5,2.75,3,False
NE,73,415,No,No,0,198.3,94,33.71,279.3,101,23.74,146.2,87,6.58,14.8,8,4.0,3,False
NV,136,415,No,Yes,21,179.4,88,30.5,181.1,97,15.39,320.7,120,14.43,9.5,4,2.57,2,False
NC,165,415,No,No,0,207.7,109,35.31,164.8,94,14.01,54.5,91,2.45,7.9,3,2.13,0,False
MI,81,408,No,No,0,166.2,102,28.25,217.6,112,18.5,220.2,68,9.91,13.2,2,3.56,4,False
NH,90,415,No,No,0,76.1,121,12.94,290.3,73,24.68,236.9,89,10.66,10.8,3,2.92,0,False
NC,89,408,No,No,0,105.9,151,18.0,189.6,142,16.12,170.9,67,7.69,12.7,7,3.43,0,False
AZ,68,415,No,No,0,232.4,76,39.51,153.3,103,13.03,214.6,107,9.66,10.5,2,2.84,1,False
MA,39,408,No,No,0,60.4,158,10.27,306.2,120,26.03,123.9,46,5.58,12.4,3,3.35,1,False
MO,92,415,No,No,0,154.0,122,26.18,329.8,88,28.03,288.0,117,12.96,5.6,2,1.51,3,True
CA,138,510,Yes,No,0,196.2,129,33.35,176.5,86,15.0,232.4,108,10.46,15.2,1,4.1,0,True
MN,103,415,No,No,0,198.5,112,33.75,42.5,90,3.61,179.2,124,8.06,12.4,5,3.35,0,False
ME,120,510,No,No,0,198.8,56,33.8,230.1,73,19.56,119.8,81,5.39,9.9,3,2.67,2,False
NV,180,510,No,No,0,139.0,96,23.63,224.9,64,19.12,170.8,118,7.69,15.7,5,4.24,2,False
IN,101,415,No,Yes,42,209.2,82,35.56,159.7,74,13.57,181.6,100,8.17,9.5,3,2.57,0,False
IL,117,415,No,No,0,201.9,86,34.32,212.3,96,18.05,176.9,98,7.96,7.8,10,2.11,1,False
MN,40,510,Yes,No,0,170.7,55,29.02,179.1,108,15.22,281.9,89,12.69,8.2,9,2.21,3,False
IN,161,510,No,Yes,38,240.4,112,40.87,201.8,102,17.15,206.1,112,9.27,16.1,6,4.35,0,False
MD,75,415,No,Yes,39,198.2,107,33.69,280.4,132,23.83,129.6,73,5.83,11.3,7,3.05,1,False
GA,160,415,No,No,0,174.3,105,29.63,171.3,107,14.56,220.8,131,9.94,8.3,2,2.24,0,False
AR,95,415,No,No,0,69.4,79,11.8,190.8,109,16.22,219.9,102,9.9,8.9,5,2.4,0,False
DC,76,415,No,No,0,224.4,121,38.15,147.9,97,12.57,183.8,74,8.27,6.7,2,1.81,2,False
DC,74,415,No,No,0,85.7,83,14.57,247.7,67,21.05,142.4,85,6.41,10.1,5,2.73,2,False
RI,106,510,Yes,No,0,204.0,84,34.68,168.5,61,14.32,164.0,102,7.38,13.3,3,3.59,3,True
NE,70,415,No,No,0,213.4,86,36.28,204.7,77,17.4,256.6,101,11.55,5.7,4,1.54,1,False
MN,142,510,No,Yes,40,237.4,105,40.36,175.9,93,14.95,210.3,110,9.46,9.2,3,2.48,3,False
MO,112,415,No,No,0,335.5,77,57.04,212.5,109,18.06,265.0,132,11.93,12.7,8,3.43,2,True
KS,110,510,No,No,0,208.0,69,35.36,95.1,94,8.08,178.5,129,8.03,8.0,11,2.16,1,False
RI,114,510,No,Yes,28,225.8,94,38.39,193.0,117,16.41,232.4,100,10.46,8.4,9,2.27,4,False
DE,89,408,No,No,0,197.1,110,33.51,165.9,115,14.1,227.3,106,10.23,12.8,3,3.46,1,False
TN,78,415,No,No,0,149.7,119,25.45,182.2,115,15.49,261.5,126,11.77,9.7,8,2.62,0,False
UT,96,408,No,Yes,26,145.8,108,24.79,192.2,89,16.34,165.1,96,7.43,9.9,2,2.67,1,False
UT,4,510,Yes,No,0,145.3,89,24.7,303.8,93,25.82,206.1,82,9.27,8.9,4,2.4,0,False
VA,86,415,No,Yes,30,99.9,84,16.98,263.5,125,22.4,254.7,90,11.46,9.8,7,2.65,2,False
ID,103,415,No,No,0,70.9,134,12.05,134.5,112,11.43,168.8,164,7.6,12.0,6,3.24,2,False
